id,Review,Rating
1,"Best coffee I've made at home. Rich flavor and the machine looks great on my counter.",5
2,"The app would not connect to my Wi-Fi. Spent an hour trying before giving up.",2
3,"Arrived two days late and the box was crushed, but the machine itself was fine.",3
4,"Brews a full pot in under five minutes. Mornings are so much easier now.",5
5,"Water tank started leaking after three weeks. Very disappointed for the price.",1
6,"Customer support replaced my faulty carafe within a week. Great service.",5
7,"Setup through the app was confusing and the instructions were vague.",2
8,"Solid machine. Nothing special, but it does the job every day.",3
9,"Love the scheduling feature, coffee is ready when I wake up.",5
10,"Package arrived damaged and the lid was cracked. Had to wait ten days for a replacement.",1
11,"Great taste, quiet operation and easy to clean.",5
12,"The app keeps disconnecting, so the schedule feature rarely works.",2
13,"Too expensive for what it is. Similar machines cost half as much.",2
14,"Beautiful design and the coffee is consistently hot.",4
15,"Stopped heating after two months. Support asked me to ship it back at my own cost.",1
16,"Decent coffee, but the carafe drips when pouring.",3
17,"Shipping took almost three weeks. No tracking updates at all.",2
18,"Fantastic machine. My whole family uses it every morning.",5
19,"Wi-Fi pairing failed on both my phones. Bluetooth would be simpler.",2
20,"The grinder is loud but the coffee tastes amazing.",4
21,"Leaks water from the bottom when the tank is full. Second unit with the same issue.",1
22,"Support was friendly and walked me through the setup in ten minutes.",5
23,"Good value during the sale. Works as advertised.",4
24,"Instructions are missing important steps for the first use.",2
25,"Strong, flavorful coffee. Much better than my old machine.",5
26,"Box was soaked and dented on arrival. The machine works but it looked used.",2
27,"Average. It makes coffee, the app is unnecessary.",3
28,"I love that I can start brewing from bed. Feels like the future.",5
29,"The display stopped working after a month.",1
30,"Easy to descale and maintain. Very happy with the purchase.",4
31,"App updates broke the scheduling feature twice this month.",2
32,"Quick delivery and well packed. Machine is excellent.",5
33,"Overpriced. The coffee is good but not 300 dollars good.",3
34,"Customer service never answered my emails about a leaking tank.",1
35,"Sleek, compact and perfect for a small kitchen.",4
36,"Coffee is lukewarm after twenty minutes on the hot plate.",3
37,"Setup was painless and the coffee is great. Highly recommend.",5
38,"Delivery was delayed twice and the courier left it in the rain.",2
39,"Works fine, although the carafe feels a bit cheap.",3
40,"Best kitchen purchase this year. Delicious coffee every single day.",5